0.00166666666666667,0.0557899475097656
0.00833333333333333,0.0600814819335938
0.015,0.0638961791992188
0.0216666666666667,0.06866455078125
0.0283333333333333,0.0743865966796875
0.035,0.0810623168945313
0.0416666666666667,0.087738037109375
0.0483333333333333,0.0944137573242188
0.055,0.101089477539063
0.0616666666666667,0.105857849121094
0.0683333333333333,0.108242034912109
0.075,0.108718872070313
0.0816666666666667,0.107288360595703
0.0883333333333333,0.103473663330078
0.095,0.0977516174316406
0.101666666666667,0.0920295715332031
0.108333333333333,0.087738037109375
0.115,0.08392333984375
0.121666666666667,0.0791549682617188
0.128333333333333,0.0734329223632813
0.135,0.0677108764648438
0.141666666666667,0.06103515625
0.148333333333333,0.0524520874023438
0.155,0.0424385070800781
0.161666666666667,0.0329017639160156
0.168333333333333,0.0243186950683594
0.175,0.0162124633789063
0.181666666666667,0.00667572021484375
0.188333333333333,-0.00286102294921875
0.195,-0.0123977661132813
0.201666666666667,-0.02288818359375
0.208333333333333,-0.0348091125488281
0.215,-0.0481605529785156
0.221666666666667,-0.06103515625
0.228333333333333,-0.0734329223632813
0.235,-0.0858306884765625
0.241666666666667,-0.0977516174316406
0.248333333333333,-0.109195709228516
0.255,-0.119686126708984
0.261666666666667,-0.129222869873047
0.268333333333333,-0.139713287353516
0.275,-0.150680541992188
0.281666666666667,-0.162124633789063
0.288333333333333,-0.173568725585938
0.295,-0.186443328857422
0.301666666666667,-0.199794769287109
0.308333333333333,-0.212192535400391
0.315,-0.224113464355469
0.321666666666667,-0.235080718994141
0.328333333333333,-0.246047973632813
0.335,-0.256061553955078
0.341666666666667,-0.265598297119141
0.348333333333333,-0.274658203125
0.355,-0.284194946289063
0.361666666666667,-0.295162200927734
0.368333333333333,-0.306129455566406
0.375,-0.315666198730469
0.381666666666667,-0.322818756103516
0.388333333333333,-0.329017639160156
0.395,-0.334739685058594
0.401666666666667,-0.339508056640625
0.408333333333333,-0.344753265380859
0.415,-0.349044799804688
0.421666666666667,-0.355243682861328
0.428333333333333,-0.361919403076172
0.435,-0.368595123291016
0.441666666666667,-0.374317169189453
0.448333333333333,-0.377178192138672
0.455,-0.379085540771484
0.461666666666667,-0.380039215087891
0.468333333333333,-0.380516052246094
0.475,-0.380039215087891
0.481666666666667,-0.378131866455078
0.488333333333333,-0.376224517822266
0.495,-0.376224517822266
0.501666666666667,-0.377178192138672
0.508333333333333,-0.378131866455078
0.515,-0.378131866455078
0.521666666666667,-0.378608703613281
0.528333333333333,-0.378131866455078
0.535,-0.378131866455078
0.541666666666667,-0.378131866455078
0.548333333333333,-0.378608703613281
0.555,-0.379085540771484
0.561666666666667,-0.380039215087891
0.568333333333333,-0.381946563720703
0.575,-0.382900238037109
0.581666666666667,-0.382900238037109
0.588333333333333,-0.380992889404297
0.595,-0.379085540771484
0.601666666666667,-0.377178192138672
0.608333333333333,-0.375747680664063
0.615,-0.374317169189453
0.621666666666667,-0.373363494873047
0.628333333333333,-0.37384033203125
0.635,-0.375747680664063
0.641666666666667,-0.378608703613281
0.648333333333333,-0.3814697265625
0.655,-0.385284423828125
0.661666666666667,-0.38909912109375
0.668333333333333,-0.391960144042969
0.675,-0.393867492675781
0.681666666666667,-0.397205352783203
0.688333333333333,-0.400066375732422
0.695,-0.403404235839844
0.701666666666667,-0.407695770263672
0.708333333333333,-0.414371490478516
0.715,-0.423431396484375
0.721666666666667,-0.432968139648438
0.728333333333333,-0.443458557128906
0.735,-0.454425811767578
0.741666666666667,-0.465869903564453
0.748333333333333,-0.476837158203125
0.755,-0.485897064208984
0.761666666666667,-0.494956970214844
0.768333333333333,-0.504493713378906
0.775,-0.515937805175781
0.781666666666667,-0.529289245605469
0.788333333333333,-0.544548034667969
0.795,-0.562667846679688
0.801666666666667,-0.582695007324219
0.808333333333333,-0.605106353759766
0.815,-0.627994537353516
0.821666666666667,-0.649929046630859
0.828333333333333,-0.670909881591797
0.835,-0.690937042236328
0.841666666666667,-0.711441040039063
0.848333333333333,-0.731468200683594
0.855,-0.751972198486328
0.861666666666667,-0.773429870605469
0.868333333333333,-0.796318054199219
0.875,-0.820159912109375
0.881666666666667,-0.844955444335938
0.888333333333333,-0.870704650878906
0.895,-0.897884368896484
0.901666666666667,-0.927448272705078
0.908333333333333,-0.956535339355469
0.915,-0.984668731689453
0.921666666666667,-1.01280212402344
0.928333333333333,-1.04236602783203
0.935,-1.07192993164063
0.941666666666667,-1.10054016113281
0.948333333333333,-1.13010406494141
0.955,-1.16109848022461
0.961666666666667,-1.19161605834961
0.968333333333333,-1.2211799621582
0.975,-1.25026702880859
0.981666666666667,-1.27887725830078
0.988333333333333,-1.30605697631836
0.995,-1.33323669433594
1.00166666666667,-1.35993957519531
1.00833333333333,-1.38616561889648
1.015,-1.41191482543945
1.02166666666667,-1.43909454345703
1.02833333333333,-1.46770477294922
1.035,-1.49679183959961
1.04166666666667,-1.52301788330078
1.04833333333333,-1.54781341552734
1.055,-1.57070159912109
1.06166666666667,-1.59168243408203
1.06833333333333,-1.60980224609375
1.075,-1.62792205810547
1.08166666666667,-1.64794921875
1.08833333333333,-1.66940689086914
1.095,-1.69134140014648
1.10166666666667,-1.71232223510742
1.10833333333333,-1.73282623291016
1.115,-1.75237655639648
1.12166666666667,-1.77001953125
1.12833333333333,-1.78623199462891
1.135,-1.8010139465332
1.14166666666667,-1.8153190612793
1.14833333333333,-1.82962417602539
1.155,-1.84440612792969
1.16166666666667,-1.85823440551758
1.16833333333333,-1.86967849731445
1.175,-1.88016891479492
1.18166666666667,-1.89018249511719
1.18833333333333,-1.89971923828125
1.195,-1.90877914428711
1.20166666666667,-1.91831588745117
1.20833333333333,-1.92832946777344
1.215,-1.9378662109375
1.22166666666667,-1.94597244262695
1.22833333333333,-1.95407867431641
1.235,-1.96123123168945
1.24166666666667,-1.96599960327148
1.24833333333333,-1.97029113769531
1.255,-1.97362899780273
1.26166666666667,-1.97649002075195
1.26833333333333,-1.97839736938477
1.275,-1.97935104370117
1.28166666666667,-1.98030471801758
1.28833333333333,-1.98268890380859
1.295,-1.98459625244141
1.30166666666667,-1.98507308959961
1.30833333333333,-1.9841194152832
1.315,-1.9831657409668
1.32166666666667,-1.9831657409668
1.32833333333333,-1.98221206665039
1.335,-1.98078155517578
1.34166666666667,-1.97982788085938
1.34833333333333,-1.97935104370117
1.355,-1.97792053222656
1.36166666666667,-1.97362899780273
1.36833333333333,-1.9679069519043
1.375,-1.96266174316406
1.38166666666667,-1.95980072021484
1.38833333333333,-1.95741653442383
1.395,-1.95598602294922
1.40166666666667,-1.95455551147461
1.40833333333333,-1.95407867431641
1.415,-1.9536018371582
1.42166666666667,-1.95217132568359
1.42833333333333,-1.94978713989258
1.435,-1.94740295410156
1.44166666666667,-1.94549560546875
1.44833333333333,-1.94263458251953
1.455,-1.93977355957031
1.46166666666667,-1.93691253662109
1.46833333333333,-1.93500518798828
1.475,-1.93309783935547
1.48166666666667,-1.93119049072266
1.48833333333333,-1.93071365356445
1.495,-1.93166732788086
1.50166666666667,-1.93214416503906
1.50833333333333,-1.93262100219727
1.515,-1.93309783935547
1.52166666666667,-1.93357467651367
1.52833333333333,-1.93262100219727
1.535,-1.93262100219727
1.54166666666667,-1.93214416503906
1.54833333333333,-1.93214416503906
1.555,-1.93214416503906
1.56166666666667,-1.93166732788086
1.56833333333333,-1.93166732788086
1.575,-1.93071365356445
1.58166666666667,-1.92975997924805
1.58833333333333,-1.92975997924805
1.595,-1.93119049072266
1.60166666666667,-1.93405151367188
1.60833333333333,-1.93691253662109
1.615,-1.94025039672852
1.62166666666667,-1.94358825683594
1.62833333333333,-1.94597244262695
1.635,-1.94835662841797
1.64166666666667,-1.94978713989258
1.64833333333333,-1.95169448852539
1.655,-1.95455551147461
1.66166666666667,-1.95837020874023
1.66833333333333,-1.96218490600586
1.675,-1.96504592895508
1.68166666666667,-1.96743011474609
1.68833333333333,-1.96981430053711
1.695,-1.97124481201172
1.70166666666667,-1.97267532348633
1.70833333333333,-1.97410583496094
1.715,-1.97601318359375
1.72166666666667,-1.97935104370117
1.72833333333333,-1.98221206665039
1.735,-1.98507308959961
1.74166666666667,-1.98698043823242
1.74833333333333,-1.98793411254883
1.755,-1.98936462402344
1.76166666666667,-1.99174880981445
1.76833333333333,-1.99413299560547
1.775,-1.99699401855469
1.78166666666667,-2.00128555297852
1.78833333333333,-2.00605392456055
1.795,-2.01129913330078
1.80166666666667,-2.01559066772461
1.80833333333333,-2.01845169067383
1.815,-2.02083587646484
1.82166666666667,-2.02274322509766
1.82833333333333,-2.02608108520508
1.835,-2.0294189453125
1.84166666666667,-2.03132629394531
1.84833333333333,-2.03275680541992
1.855,-2.03514099121094
1.86166666666667,-2.03800201416016
1.86833333333333,-2.04133987426758
1.875,-2.044677734375
1.88166666666667,-2.04944610595703
1.88833333333333,-2.05469131469727
1.895,-2.0594596862793
1.90166666666667,-2.06136703491211
1.90833333333333,-2.06089019775391
1.915,-2.0604133605957
1.92166666666667,-2.0599365234375
1.92833333333333,-2.06136703491211
1.935,-2.06327438354492
1.94166666666667,-2.06613540649414
1.94833333333333,-2.06899642944336
1.955,-2.07138061523438
1.96166666666667,-2.07281112670898
1.96833333333333,-2.07281112670898
1.975,-2.07233428955078
1.98166666666667,-2.07328796386719
1.98833333333333,-2.0756721496582
1.995,-2.07805633544922
2.00166666666667,-2.07996368408203
2.00833333333333,-2.08234786987305
2.015,-2.08568572998047
2.02166666666667,-2.08854675292969
2.02833333333333,-2.0909309387207
2.035,-2.09331512451172
2.04166666666667,-2.09569931030273
2.04833333333333,-2.09665298461914
2.055,-2.09617614746094
2.06166666666667,-2.09617614746094
2.06833333333333,-2.09665298461914
2.075,-2.09712982177734
2.08166666666667,-2.09903717041016
2.08833333333333,-2.10142135620117
2.095,-2.10380554199219
2.10166666666667,-2.1052360534668
2.10833333333333,-2.1052360534668
2.115,-2.105712890625
2.12166666666667,-2.105712890625
2.12833333333333,-2.1052360534668
2.135,-2.10475921630859
2.14166666666667,-2.1052360534668
2.14833333333333,-2.10666656494141
2.155,-2.10666656494141
2.16166666666667,-2.1061897277832
2.16833333333333,-2.10714340209961
2.175,-2.10905075073242
2.18166666666667,-2.11095809936523
2.18833333333333,-2.11286544799805
2.195,-2.11572647094727
2.20166666666667,-2.11858749389648
2.20833333333333,-2.1209716796875
2.215,-2.12192535400391
2.22166666666667,-2.12240219116211
2.22833333333333,-2.12335586547852
2.235,-2.12430953979492
2.24166666666667,-2.12478637695313
2.24833333333333,-2.12430953979492
2.255,-2.12383270263672
2.26166666666667,-2.12478637695313
2.26833333333333,-2.12574005126953
2.275,-2.12669372558594
2.28166666666667,-2.12764739990234
2.28833333333333,-2.12907791137695
2.295,-2.13003158569336
2.30166666666667,-2.12955474853516
2.30833333333333,-2.12812423706055
2.315,-2.12717056274414
2.32166666666667,-2.12717056274414
2.32833333333333,-2.12717056274414
2.335,-2.12669372558594
2.34166666666667,-2.12717056274414
2.34833333333333,-2.12860107421875
2.355,-2.12907791137695
2.36166666666667,-2.12764739990234
2.36833333333333,-2.12669372558594
2.375,-2.12717056274414
2.38166666666667,-2.12812423706055
2.38833333333333,-2.12812423706055
2.395,-2.12907791137695
2.40166666666667,-2.13003158569336
2.40833333333333,-2.13098526000977
2.415,-2.13098526000977
2.42166666666667,-2.12955474853516
2.42833333333333,-2.12907791137695
2.435,-2.12955474853516
2.44166666666667,-2.13098526000977
2.44833333333333,-2.13146209716797
2.455,-2.13146209716797
2.46166666666667,-2.13003158569336
2.46833333333333,-2.12669372558594
2.475,-2.1204948425293
2.48166666666667,-2.11334228515625
2.48833333333333,-2.10714340209961
2.495,-2.10285186767578
2.50166666666667,-2.10094451904297
2.50833333333333,-2.10046768188477
2.515,-2.10142135620117
2.52166666666667,-2.10285186767578
2.52833333333333,-2.10380554199219
2.535,-2.10285186767578
2.54166666666667,-2.10142135620117
2.54833333333333,-2.09951400756836
2.555,-2.09760665893555
2.56166666666667,-2.09665298461914
2.56833333333333,-2.09665298461914
2.575,-2.09617614746094
2.58166666666667,-2.09474563598633
2.58833333333333,-2.09283828735352
2.595,-2.0899772644043
2.60166666666667,-2.08616256713867
2.60833333333333,-2.08282470703125
2.615,-2.07948684692383
2.62166666666667,-2.07662582397461
2.62833333333333,-2.07376480102539
2.635,-2.07042694091797
2.64166666666667,-2.06708908081055
2.64833333333333,-2.06375122070313
2.655,-2.06184387207031
2.66166666666667,-2.0604133605957
2.66833333333333,-2.0599365234375
2.675,-2.05850601196289
2.68166666666667,-2.05516815185547
2.68833333333333,-2.05230712890625
2.695,-2.04944610595703
2.70166666666667,-2.04610824584961
2.70833333333333,-2.04277038574219
2.715,-2.03943252563477
2.72166666666667,-2.03609466552734
2.72833333333333,-2.03132629394531
2.735,-2.02465057373047
2.74166666666667,-2.01511383056641
2.74833333333333,-2.00414657592773
2.755,-1.99317932128906
2.76166666666667,-1.9831657409668
2.76833333333333,-1.97315216064453
2.775,-1.96170806884766
2.78166666666667,-1.94931030273438
2.78833333333333,-1.93643569946289
2.795,-1.922607421875
2.80166666666667,-1.9068717956543
2.80833333333333,-1.89113616943359
2.815,-1.87587738037109
2.82166666666667,-1.86014175415039
2.82833333333333,-1.84249877929688
2.835,-1.82294845581055
2.84166666666667,-1.800537109375
2.84833333333333,-1.77383422851563
2.855,-1.7399787902832
2.86166666666667,-1.69801712036133
2.86833333333333,-1.6474723815918
2.875,-1.58548355102539
2.88166666666667,-1.50728225708008
2.88833333333333,-1.40810012817383
2.895,-1.28459930419922
2.90166666666667,-1.12819671630859
2.90833333333333,-0.926971435546875
2.915,-0.666141510009766
2.92166666666667,-0.329017639160156
2.92833333333333,0.107288360595703
2.935,0.671863555908203
2.94166666666667,1.40094757080078
2.94833333333333,2.33697891235352
2.955,3.52764129638672
2.96166666666667,5.02872467041016
2.96833333333333,6.90364837646484
2.975,9.22250747680664
2.98166666666667,12.0587348937988
2.98833333333333,15.4881477355957
2.995,19.589900970459
3.00166666666667,24.4402885437012
3.00833333333333,30.1041603088379
3.015,36.6306304931641
3.02166666666667,44.0430641174316
3.02833333333333,52.3357391357422
3.035,61.4714622497559
3.04166666666667,71.3887214660645
3.04833333333333,82.0012092590332
3.055,93.1906700134277
3.06166666666667,104.805469512939
3.06833333333333,116.678714752197
3.075,128.63826751709
3.08166666666667,140.511035919189
3.08833333333333,152.129650115967
3.095,163.34342956543
3.10166666666667,174.031734466553
3.10833333333333,184.103488922119
3.115,193.490505218506
3.12166666666667,202.137470245361
3.12833333333333,210.00337600708
3.135,217.063903808594
3.14166666666667,223.315715789795
3.14833333333333,228.768348693848
3.155,233.434200286865
3.16166666666667,237.327575683594
3.16833333333333,240.468978881836
3.175,242.884635925293
3.18166666666667,244.603157043457
3.18833333333333,245.653629302979
3.195,246.066570281982
3.20166666666667,245.883941650391
3.20833333333333,245.151996612549
3.215,243.916988372803
3.22166666666667,242.222309112549
3.22833333333333,240.108013153076
3.235,237.613677978516
3.24166666666667,234.775543212891
3.24833333333333,231.629371643066
3.255,228.207111358643
3.26166666666667,224.53784942627
3.26833333333333,220.653533935547
3.275,216.583728790283
3.28166666666667,212.357044219971
3.28833333333333,207.997798919678
3.295,203.532218933105
3.30166666666667,198.987483978271
3.30833333333333,194.389343261719
3.315,189.758777618408
3.32166666666667,185.11438369751
3.32833333333333,180.475234985352
3.335,175.86088180542
3.34166666666667,171.285629272461
3.34833333333333,166.764259338379
3.355,162.311553955078
3.36166666666667,157.944202423096
3.36833333333333,153.673648834229
3.375,149.505615234375
3.38166666666667,145.443439483643
3.38833333333333,141.490936279297
3.395,137.64762878418
3.40166666666667,133.913040161133
3.40833333333333,130.287647247314
3.415,126.772880554199
3.42166666666667,123.372077941895
3.42833333333333,120.089054107666
3.435,116.926670074463
3.44166666666667,113.885402679443
3.44833333333333,110.963344573975
3.455,108.159065246582
3.46166666666667,105.469226837158
3.46833333333333,102.887153625488
3.475,100.405216217041
3.48166666666667,98.0210304260254
3.48833333333333,95.7326889038086
3.495,93.5354232788086
3.50166666666667,91.428279876709
3.50833333333333,89.4083976745605
3.515,87.4752998352051
3.52166666666667,85.6256484985352
3.52833333333333,83.8565826416016
3.535,82.1633338928223
3.54166666666667,80.5397033691406
3.54833333333333,78.9828300476074
3.555,77.4893760681152
3.56166666666667,76.0574340820313
3.56833333333333,74.683666229248
3.575,73.3671188354492
3.58166666666667,72.1077919006348
3.58833333333333,70.9052085876465
3.595,69.756031036377
3.60166666666667,68.6554908752441
3.60833333333333,67.6007270812988
3.615,66.5898323059082
3.62166666666667,65.6208992004395
3.62833333333333,64.6915435791016
3.635,63.7993812561035
3.64166666666667,62.9434585571289
3.64833333333333,62.1232986450195
3.655,61.3369941711426
3.66166666666667,60.5840682983398
3.66833333333333,59.8630905151367
3.675,59.1740608215332
3.68166666666667,58.5160255432129
3.68833333333333,57.8866004943848
3.695,57.2834014892578
3.70166666666667,56.7059516906738
3.70833333333333,56.15234375
3.715,55.6235313415527
3.72166666666667,55.1176071166992
3.72833333333333,54.6355247497559
3.735,54.1763305664063
3.74166666666667,53.7385940551758
3.74833333333333,53.3218383789063
3.755,52.924633026123
3.76166666666667,52.5460243225098
3.76833333333333,52.18505859375
3.775,51.8417358398438
3.78166666666667,51.5146255493164
3.78833333333333,51.2042045593262
3.795,50.9099960327148
3.80166666666667,50.6319999694824
3.80833333333333,50.3697395324707
3.815,50.1213073730469
3.82166666666667,49.8852729797363
3.82833333333333,49.6606826782227
3.835,49.4475364685059
3.84166666666667,49.2458343505859
3.84833333333333,49.0550994873047
3.855,48.8758087158203
3.86166666666667,48.7065315246582
3.86833333333333,48.5482215881348
3.875,48.4023094177246
3.88166666666667,48.2678413391113
3.88833333333333,48.1443405151367
3.895,48.0313301086426
3.90166666666667,47.9283332824707
3.90833333333333,47.8334426879883
3.915,47.7466583251953
3.92166666666667,47.666072845459
3.92833333333333,47.5931167602539
3.935,47.5268363952637
3.94166666666667,47.4691390991211
3.94833333333333,47.419548034668
3.955,47.3775863647461
3.96166666666667,47.3427772521973
3.96833333333333,47.3141670227051
3.975,47.2927093505859
3.98166666666667,47.2774505615234
3.98833333333333,47.2674369812012
3.995,47.2626686096191
4.00166666666667,47.2636222839355
4.00833333333333,47.2702980041504
4.015,47.2836494445801
4.02166666666667,47.3017692565918
4.02833333333333,47.3251342773438
4.035,47.3518371582031
4.04166666666667,47.3828315734863
4.04833333333333,47.4185943603516
4.055,47.4581718444824
4.06166666666667,47.5029945373535
4.06833333333333,47.553539276123
4.075,47.609806060791
4.08166666666667,47.6727485656738
4.08833333333333,47.7404594421387
4.095,47.8134155273438
4.10166666666667,47.889232635498
4.10833333333333,47.9683876037598
4.115,48.0504035949707
4.12166666666667,48.1348037719727
4.12833333333333,48.2211112976074
4.135,48.3102798461914
4.14166666666667,48.403263092041
4.14833333333333,48.499584197998
4.155,48.5997200012207
4.16166666666667,48.703670501709
4.16833333333333,48.8119125366211
4.175,48.922061920166
4.18166666666667,49.0360260009766
4.18833333333333,49.1528511047363
4.195,49.2715835571289
4.20166666666667,49.3922233581543
4.20833333333333,49.5147705078125
4.215,49.6401786804199
4.22166666666667,49.7674942016602
4.22833333333333,49.8967170715332
4.235,50.0292778015137
4.24166666666667,50.163745880127
4.24833333333333,50.300121307373
4.255,50.4398345947266
4.26166666666667,50.5819320678711
4.26833333333333,50.7259368896484
4.275,50.8718490600586
4.28166666666667,51.020622253418
4.28833333333333,51.1717796325684
4.295,51.3253211975098
4.30166666666667,51.480770111084
4.30833333333333,51.638126373291
4.315,51.7959594726563
4.32166666666667,51.9537925720215
4.32833333333333,52.1111488342285
4.335,52.2685050964355
4.34166666666667,52.4272918701172
4.34833333333333,52.5898933410645
4.355,52.7567863464355
4.36166666666667,52.9265403747559
4.36833333333333,53.0986785888672
4.375,53.2727241516113
4.38166666666667,53.4472465515137
4.38833333333333,53.6208152770996
4.395,53.7943840026855
4.40166666666667,53.9679527282715
4.40833333333333,54.1434288024902
4.415,54.3208122253418
4.42166666666667,54.4991493225098
4.42833333333333,54.6784400939941
4.435,54.8582077026367
4.44166666666667,55.0389289855957
4.44833333333333,55.2206039428711
4.455,55.4013252258301
4.46166666666667,55.5830001831055
4.46833333333333,55.7656288146973
4.475,55.9511184692383
4.48166666666667,56.1389923095703
4.48833333333333,56.3325881958008
4.495,56.5333366394043
4.50166666666667,56.7374229431152
4.50833333333333,56.9415092468262
4.515,57.1441650390625
4.52166666666667,57.3444366455078
4.52833333333333,57.5413703918457
4.535,57.7316284179688
4.54166666666667,57.9171180725098
4.54833333333333,58.0992698669434
4.555,58.2799911499023
4.56166666666667,58.4568977355957
4.56833333333333,58.6318969726563
4.575,58.8078498840332
4.58166666666667,58.9871406555176
4.58833333333333,59.1726303100586
4.595,59.3652725219727
4.60166666666667,59.5636367797852
4.60833333333333,59.7648620605469
4.615,59.9665641784668
4.62166666666667,60.1687431335449
4.62833333333333,60.3728294372559
4.635,60.5754852294922
4.64166666666667,60.7781410217285
4.64833333333333,60.9822273254395
4.655,61.1863136291504
4.66166666666667,61.3889694213867
4.66833333333333,61.5887641906738
4.675,61.7856979370117
4.68166666666667,61.9797706604004
4.68833333333333,62.1705055236816
4.695,62.3607635498047
4.70166666666667,62.5514984130859
4.70833333333333,62.7427101135254
4.715,62.9348754882813
4.72166666666667,63.1270408630371
4.72833333333333,63.319206237793
4.735,63.5099411010742
4.74166666666667,63.6982917785645
4.74833333333333,63.8842582702637
4.755,64.0678405761719
4.76166666666667,64.2504692077637
4.76833333333333,64.4326210021973
4.775,64.6147727966309
4.78166666666667,64.7964477539063
4.78833333333333,64.9771690368652
4.795,65.1569366455078
4.80166666666667,65.3367042541504
4.80833333333333,65.5169486999512
4.815,65.6981468200684
4.82166666666667,65.8774375915527
4.82833333333333,66.0552978515625
4.835,66.2317276000977
4.84166666666667,66.4067268371582
4.84833333333333,66.5769577026367
4.855,66.7438507080078
4.86166666666667,66.9107437133789
4.86833333333333,67.080020904541
4.875,67.2502517700195
4.88166666666667,67.4195289611816
4.88833333333333,67.5883293151855
4.895,67.7571296691895
4.90166666666667,67.9240226745605
4.90833333333333,68.0875778198242
4.915,68.2477951049805
4.92166666666667,68.4075355529785
4.92833333333333,68.5667991638184
4.935,68.7260627746582
4.94166666666667,68.8843727111816
4.94833333333333,69.0426826477051
4.955,69.2019462585449
4.96166666666667,69.3588256835938
4.96833333333333,69.5128440856934
4.975,69.6649551391602
4.98166666666667,69.8151588439941
4.98833333333333,69.9644088745117
4.995,70.1117515563965
5.00166666666667,70.258617401123
5.00833333333333,70.4045295715332
5.015,70.5504417419434
5.02166666666667,70.6949234008789
5.02833333333333,70.8355903625488
5.035,70.9719657897949
5.04166666666667,71.1064338684082
5.04833333333333,71.2389945983887
5.055,71.3696479797363
5.06166666666667,71.4983940124512
5.06833333333333,71.6280937194824
5.075,71.7592239379883
5.08166666666667,71.8894004821777
5.08833333333333,72.019100189209
5.095,72.1473693847656
5.10166666666667,72.2732543945313
5.10833333333333,72.394847869873
5.115,72.5150108337402
5.12166666666667,72.6346969604492
5.12833333333333,72.7529525756836
5.135,72.8673934936523
5.14166666666667,72.9804039001465
5.14833333333333,73.091983795166
5.155,73.2002258300781
5.16166666666667,73.305606842041
5.16833333333333,73.4090805053711
5.175,73.5116004943848
5.18166666666667,73.6117362976074
5.18833333333333,73.7094879150391
5.195,73.8043785095215
5.20166666666667,73.8959312438965
5.20833333333333,73.9841461181641
5.215,74.070930480957
5.22166666666667,74.1586685180664
5.22833333333333,74.246883392334
5.235,74.333667755127
5.24166666666667,74.4180679321289
5.24833333333333,74.5000839233398
5.255,74.5811462402344
5.26166666666667,74.6588706970215
5.26833333333333,74.7337341308594
5.275,74.8071670532227
5.28166666666667,74.8805999755859
5.28833333333333,74.9526023864746
5.295,75.0217437744141
5.30166666666667,75.0880241394043
5.30833333333333,75.1519203186035
5.315,75.2120018005371
5.32166666666667,75.2682685852051
5.32833333333333,75.322151184082
5.335,75.3746032714844
5.34166666666667,75.4256248474121
5.34833333333333,75.4752159118652
5.355,75.5243301391602
5.36166666666667,75.5724906921387
5.36833333333333,75.617790222168
5.375,75.660228729248
5.38166666666667,75.6998062133789
5.38833333333333,75.7369995117188
5.395,75.7708549499512
5.40166666666667,75.8004188537598
5.40833333333333,75.8280754089355
5.415,75.8547782897949
5.42166666666667,75.8805274963379
5.42833333333333,75.9053230285645
5.435,75.927734375
5.44166666666667,75.9477615356445
5.44833333333333,75.965404510498
5.455,75.9801864624023
5.46166666666667,75.9925842285156
5.46833333333333,76.0021209716797
5.475,76.0092735290527
5.48166666666667,76.0154724121094
5.48833333333333,76.0207176208496
5.495,76.0235786437988
5.50166666666667,76.0235786437988
5.50833333333333,76.019287109375
5.515,76.0130882263184
5.52166666666667,76.0054588317871
5.52833333333333,75.995922088623
5.535,75.9830474853516
5.54166666666667,75.9668350219727
5.54833333333333,75.9487152099609
5.555,75.9282112121582
5.56166666666667,75.9048461914063
5.56833333333333,75.8790969848633
5.575,75.8528709411621
5.58166666666667,75.8261680603027
5.58833333333333,75.7975578308105
5.595,75.7665634155273
5.60166666666667,75.7331848144531
5.60833333333333,75.6964683532715
5.615,75.6559371948242
5.62166666666667,75.6115913391113
5.62833333333333,75.5643844604492
5.635,75.5167007446289
5.64166666666667,75.4685401916504
5.64833333333333,75.4184722900391
5.655,75.3669738769531
5.66166666666667,75.3135681152344
5.66833333333333,75.2582550048828
5.675,75.1991271972656
5.68166666666667,75.1352310180664
5.68833333333333,75.068473815918
5.695,75.0007629394531
5.70166666666667,74.9316215515137
5.70833333333333,74.8605728149414
5.715,74.7890472412109
5.72166666666667,74.7170448303223
5.72833333333333,74.6426582336426
5.735,74.5649337768555
5.74166666666667,74.4838714599609
5.74833333333333,74.399471282959
5.755,74.3117332458496
5.76166666666667,74.2216110229492
5.76833333333333,74.1305351257324
5.775,74.0389823913574
5.78166666666667,73.9450454711914
5.78833333333333,73.8487243652344
5.795,73.7495422363281
5.80166666666667,73.6479759216309
5.80833333333333,73.542594909668
5.815,73.4338760375977
5.82166666666667,73.3227729797363
5.82833333333333,73.2102394104004
5.835,73.0957984924316
5.84166666666667,72.9794502258301
5.84833333333333,72.8607177734375
5.855,72.7405548095703
5.86166666666667,72.6180076599121
5.86833333333333,72.4945068359375
5.875,72.3690986633301
5.88166666666667,72.2408294677734
5.88833333333333,72.1096992492676
5.895,71.9771385192871
5.90166666666667,71.8426704406738
5.90833333333333,71.7058181762695
5.915,71.5665817260742
5.92166666666667,71.4263916015625
5.92833333333333,71.2857246398926
5.935,71.1431503295898
5.94166666666667,70.9967613220215
5.94833333333333,70.8465576171875
5.955,70.6939697265625
5.96166666666667,70.5385208129883
5.96833333333333,70.3811645507813
5.975,70.2214241027832
5.98166666666667,70.0626373291016
5.98833333333333,69.9028968811035
5.995,69.7417259216309
6.00166666666667,69.577693939209
6.00833333333333,69.4112777709961
6.015,69.2424774169922
6.02166666666667,69.0693855285645
6.02833333333333,68.8943862915039
6.035,68.7189102172852
6.04166666666667,68.5429573059082
6.04833333333333,68.366527557373
6.055,68.1881904602051
6.06166666666667,68.0098533630371
6.06833333333333,67.8296089172363
6.075,67.6479339599609
6.08166666666667,67.4648284912109
6.08833333333333,67.2793388366699
6.095,67.0914649963379
6.10166666666667,66.8997764587402
6.10833333333333,66.7061805725098
6.115,66.5106773376465
6.12166666666667,66.312313079834
6.12833333333333,66.1125183105469
6.135,65.910816192627
6.14166666666667,65.7081604003906
6.14833333333333,65.5040740966797
6.155,65.2990341186523
6.16166666666667,65.0930404663086
6.16833333333333,64.885139465332
6.175,64.6767616271973
6.18166666666667,64.4679069519043
6.18833333333333,64.2590522766113
6.195,64.0478134155273
6.20166666666667,63.8346672058105
6.20833333333333,63.6215209960938
6.215,63.4074211120605
6.22166666666667,63.1918907165527
6.22833333333333,62.9739761352539
6.235,62.7546310424805
6.24166666666667,62.5333786010742
6.24833333333333,62.309741973877
6.255,62.0846748352051
6.26166666666667,61.859130859375
6.26833333333333,61.6331100463867
6.275,61.406135559082
6.28166666666667,61.1782073974609
6.28833333333333,60.9498023986816
6.295,60.7209205627441
6.30166666666667,60.4891777038574
6.30833333333333,60.2564811706543
6.315,60.0218772888184
6.32166666666667,59.7853660583496
6.32833333333333,59.5474243164063
6.335,59.3085289001465
6.34166666666667,59.0691566467285
6.34833333333333,58.8302612304688
6.355,58.5923194885254
6.36166666666667,58.3548545837402
6.36833333333333,58.1159591674805
6.375,57.8761100769043
6.38166666666667,57.6353073120117
6.38833333333333,57.3940277099609
6.395,57.152271270752
6.40166666666667,56.9095611572266
6.40833333333333,56.6658973693848
6.415,56.4208030700684
6.42166666666667,56.1747550964355
6.42833333333333,55.9272766113281
6.435,55.6778907775879
6.44166666666667,55.4280281066895
6.44833333333333,55.1786422729492
6.455,54.9297332763672
6.46166666666667,54.6813011169434
6.46833333333333,54.4333457946777
6.475,54.1849136352539
6.48166666666667,53.9360046386719
6.48833333333333,53.6866188049316
6.495,53.436279296875
6.50166666666667,53.1864166259766
6.50833333333333,52.9360771179199
6.515,52.6852607727051
6.52166666666667,52.4334907531738
6.52833333333333,52.1807670593262
6.535,51.9280433654785
6.54166666666667,51.6748428344727
6.54833333333333,51.4230728149414
6.555,51.1713027954102
6.56166666666667,50.9200096130371
6.56833333333333,50.6687164306641
6.575,50.417423248291
6.58166666666667,50.1651763916016
6.58833333333333,49.9119758605957
6.595,49.6578216552734
6.60166666666667,49.4041442871094
6.60833333333333,49.1514205932617
6.615,48.8986968994141
6.62166666666667,48.6459732055664
6.62833333333333,48.3927726745605
6.635,48.1395721435547
6.64166666666667,47.8849411010742
6.64833333333333,47.6293563842773
6.655,47.3723411560059
6.66166666666667,47.1162796020508
6.66833333333333,46.8606948852539
6.675,46.605110168457
6.68166666666667,46.3504791259766
6.68833333333333,46.0972785949707
6.695,45.8440780639648
6.70166666666667,45.5894470214844
6.70833333333333,45.3329086303711
6.715,45.0758934020996
6.72166666666667,44.8184013366699
6.72833333333333,44.5613861083984
6.735,44.3048477172852
6.74166666666667,44.0497398376465
6.74833333333333,43.797492980957
6.755,43.5457229614258
6.76166666666667,43.2944297790527
6.76833333333333,43.0421829223633
6.775,42.7889823913574
6.78166666666667,42.5353050231934
6.78833333333333,42.2792434692383
6.795,42.0217514038086
6.80166666666667,41.7628288269043
6.80833333333333,41.50390625
6.815,41.2440299987793
6.82166666666667,40.9846305847168
6.82833333333333,40.7271385192871
6.835,40.4706001281738
6.84166666666667,40.2154922485352
6.84833333333333,39.9618148803711
6.855,39.7086143493652
6.86166666666667,39.4563674926758
6.86833333333333,39.2026901245117
6.875,38.9485359191895
6.88166666666667,38.6943817138672
6.88833333333333,38.4407043457031
6.895,38.1865501403809
6.90166666666667,37.9328727722168
6.90833333333333,37.682056427002
6.915,37.4326705932617
6.92166666666667,37.1856689453125
6.92833333333333,36.9391441345215
6.935,36.6926193237305
6.94166666666667,36.4475250244141
6.94833333333333,36.2019538879395
6.955,35.956859588623
6.96166666666667,35.7122421264648
6.96833333333333,35.4681015014648
6.975,35.2253913879395
6.98166666666667,34.9841117858887
6.98833333333333,34.7437858581543
6.995,34.5044136047363
7.00166666666667,34.2679023742676
7.00833333333333,34.034252166748
7.015,33.8034629821777
7.02166666666667,33.574104309082
7.02833333333333,33.3476066589355
7.035,33.1244468688965
7.04166666666667,32.905101776123
7.04833333333333,32.689094543457
7.055,32.4759483337402
7.06166666666667,32.2675704956055
7.06833333333333,32.0625305175781
7.075,31.8589210510254
7.08166666666667,31.653881072998
7.08833333333333,31.4474105834961
7.095,31.2399864196777
7.10166666666667,31.0325622558594
7.10833333333333,30.8256149291992
7.115,30.6191444396973
7.12166666666667,30.4155349731445
7.12833333333333,30.2219390869141
7.135,30.0521850585938
7.14166666666667,29.9324989318848
7.14833333333333,29.9053192138672
7.155,30.0273895263672
7.16166666666667,30.3606986999512
7.16833333333333,30.9505462646484
7.175,31.8050384521484
7.18166666666667,32.8817367553711
7.18833333333333,34.088134765625
7.195,35.2983474731445
7.20166666666667,36.3759994506836
7.20833333333333,37.205696105957
7.215,37.7211570739746
7.22166666666667,37.9152297973633
7.22833333333333,37.8317832946777
7.235,37.5452041625977
7.24166666666667,37.137508392334
7.24833333333333,36.6806983947754
7.255,36.2310409545898
7.26166666666667,35.82763671875
7.26833333333333,35.4938507080078
7.275,35.2387428283691
7.28166666666667,35.0661277770996
7.28833333333333,34.9745750427246
7.295,34.9602699279785
7.30166666666667,35.0136756896973
7.30833333333333,35.125732421875
7.315,35.2873802185059
7.32166666666667,35.4976654052734
7.32833333333333,35.7599258422852
7.335,36.0813140869141
7.34166666666667,36.468505859375
7.34833333333333,36.9243621826172
7.355,37.447452545166
7.36166666666667,38.0239486694336
7.36833333333333,38.6285781860352
7.375,39.2260551452637
7.38166666666667,39.7734642028809
7.38833333333333,40.2312278747559
7.395,40.5755043029785
7.40166666666667,40.8024787902832
7.40833333333333,40.9221649169922
7.415,40.9555435180664
7.42166666666667,40.9302711486816
7.42833333333333,40.8763885498047
7.435,40.8163070678711
7.44166666666667,40.7605171203613
7.44833333333333,40.712833404541
7.455,40.6737327575684
7.46166666666667,40.6451225280762
7.46833333333333,40.6298637390137
7.475,40.6274795532227
7.48166666666667,40.6308174133301
7.48833333333333,40.6270027160645
7.495,40.5926704406738
7.50166666666667,40.499210357666
7.50833333333333,40.3156280517578
7.515,40.0123596191406
7.52166666666667,39.5727157592773
7.52833333333333,38.996696472168
7.535,38.304328918457
7.54166666666667,37.5261306762695
7.54833333333333,36.6964340209961
7.555,35.8467102050781
7.56166666666667,35.0031852722168
7.56833333333333,34.1787338256836
7.575,33.3704948425293
7.58166666666667,32.5679779052734
7.58833333333333,31.7573547363281
7.595,30.9262275695801
7.60166666666667,30.0650596618652
7.60833333333333,29.1671752929688
7.615,28.233528137207
7.62166666666667,27.2679328918457
7.62833333333333,26.2799263000488
7.635,25.2809524536133
7.64166666666667,24.2834091186523
7.64833333333333,23.3016014099121
7.655,22.3503112792969
7.66166666666667,21.4424133300781
7.66833333333333,20.5879211425781
7.675,19.7896957397461
7.68166666666667,19.0482139587402
7.68833333333333,18.3601379394531
7.695,17.7211761474609
7.70166666666667,17.1298980712891
7.70833333333333,16.5848731994629
7.715,16.0889625549316
7.72166666666667,15.6455039978027
7.72833333333333,15.2578353881836
7.735,14.9288177490234
7.74166666666667,14.653205871582
7.74833333333333,14.4190788269043
7.755,14.2121315002441
7.76166666666667,14.0109062194824
7.76833333333333,13.7925148010254
7.775,13.5312080383301
7.78166666666667,13.2002830505371
7.78833333333333,12.7754211425781
7.795,12.235164642334
7.80166666666667,11.5609169006348
7.80833333333333,10.7393264770508
7.815,9.75799560546875
7.82166666666667,8.61692428588867
7.82833333333333,7.32612609863281
7.835,5.90610504150391
7.84166666666667,4.38785552978516
7.84833333333333,2.81381607055664
7.855,1.23357772827148
7.86166666666667,-0.298976898193359
7.86833333333333,-1.73473358154297
7.875,-3.03792953491211
7.88166666666667,-4.18710708618164
7.88833333333333,-5.17368316650391
7.895,-5.99765777587891
7.90166666666667,-6.66618347167969
7.90833333333333,-7.18927383422852
7.915,-7.57265090942383
7.92166666666667,-7.81822204589844
7.92833333333333,-7.92598724365234
7.935,-7.89690017700195
7.94166666666667,-7.7366828918457
7.94833333333333,-7.45773315429688
7.955,-7.07292556762695
7.96166666666667,-6.59513473510742
7.96833333333333,-6.03866577148438
7.975,-5.41782379150391
7.98166666666667,-4.73785400390625
7.98833333333333,-4.00352478027344
7.995,-3.22389602661133
